[
  {
    "symbol": 1258,
    "name": "其祥-KY",
    "market": "上櫃",
    "industry": "食品工業"
  },
  {
    "symbol": 1259,
    "name": "安心",
    "market": "上櫃",
    "industry": "觀光事業"
  },
  {
    "symbol": 1264,
    "name": "德麥",
    "market": "上櫃",
    "industry": "食品工業"
  },
  {
    "symbol": 1268,
    "name": "漢來美食",
    "market": "上櫃",
    "industry": "觀光事業"
  },
  {
    "symbol": 1333,
    "name": "恩得利",
    "market": "上櫃",
    "industry": "電子零組件業"
  },
  {
    "symbol": 1336,
    "name": "台翰",
    "market": "上櫃",
    "industry": "電子零組件業"
  },
  {
    "symbol": 1565,
    "name": "精華",
    "market": "上櫃",
    "industry": "生技醫療業"
  },
  {
    "symbol": 1566,
    "name": "捷邦",
    "market": "上櫃",
    "industry": "電機機械"
  },
  {
    "symbol": 1569,
    "name": "濱川",
    "market": "上櫃",
    "industry": "電腦及週邊設備業"
  },
  {
    "symbol": 1570,
    "name": "力肯",
    "market": "上櫃",
    "industry": "電機機械"
  },
  {
    "symbol": 1580,
    "name": "新麥",
    "market": "上櫃",
    "industry": "電機機械"
  },
  {
    "symbol": 1584,
    "name": "精剛",
    "market": "上櫃",
    "industry": "其他業"
  },
  {
    "symbol": 1586,
    "name": "和勤",
    "market": "上櫃",
    "industry": "電機機械"
  },
  {
    "symbol": 1591,
    "name": "駿吉-KY",
    "market": "上櫃",
    "industry": "電機機械"
  },
  {
    "symbol": 1593,
    "name": "祺驊",
    "market": "上櫃",
    "industry": "生技醫療業"
  },
  {
    "symbol": 1595,
    "name": "川寶",
    "market": "上櫃",
    "industry": "電子零組件業"
  },
  {
    "symbol": 1597,
    "name": "直得",
    "market": "上櫃",
    "industry": "電機機械"
  },
  {
    "symbol": 1599,
    "name": "宏佳騰",
    "market": "上櫃",
    "industry": "電機機械"
  },
  {
    "symbol": 1742,
    "name": "台蠟",
    "market": "上櫃",
    "industry": "化學工業"
  },
  {
    "symbol": 1752,
    "name": "南光",
    "market": "上櫃",
    "industry": "生技醫療業"
  },
  {
    "symbol": 1777,
    "name": "生泰",
    "market": "上櫃",
    "industry": "生技醫療業"
  },
  {
    "symbol": 1781,
    "name": "合世",
    "market": "上櫃",
    "industry": "生技醫療業"
  },
  {
    "symbol": 1784,
    "name": "訊聯",
    "market": "上櫃",
    "industry": "生技醫療業"
  },
  {
    "symbol": 1785,
    "name": "光洋科",
    "market": "上櫃",
    "industry": "其他電子業"
  },
  {
    "symbol": 1787,
    "name": "福盈科",
    "market": "上櫃",
    "industry": "化學工業"
  },
  {
    "symbol": 1788,
    "name": "杏昌",
    "market": "上櫃",
    "industry": "生技醫療業"
  },
  {
    "symbol": 1795,
    "name": "美時",
    "market": "上櫃",
    "industry": "生技醫療業"
  },
  {
    "symbol": 1796,
    "name": "金穎生技",
    "market": "上櫃",
    "industry": "食品工業"
  },
  {
    "symbol": 1799,
    "name": "易威",
    "market": "上櫃",
    "industry": "生技醫療業"
  },
  {
    "symbol": 1813,
    "name": "寶利徠",
    "market": "上櫃",
    "industry": "生技醫療業"
  },
  {
    "symbol": 1815,
    "name": "富喬",
    "market": "上櫃",
    "industry": "電子零組件業"
  },
  {
    "symbol": 2035,
    "name": "唐榮",
    "market": "上櫃",
    "industry": "鋼鐵工業"
  },
  {
    "symbol": 2061,
    "name": "風青",
    "market": "上櫃",
    "industry": "電器電纜"
  },
  {
    "symbol": 2063,
    "name": "世鎧",
    "market": "上櫃",
    "industry": "鋼鐵工業"
  },
  {
    "symbol": 2064,
    "name": "晉椿",
    "market": "上櫃",
    "industry": "鋼鐵工業"
  },
  {
    "symbol": 2065,
    "name": "世豐",
    "market": "上櫃",
    "industry": "鋼鐵工業"
  },
  {
    "symbol": 2066,
    "name": "世德",
    "market": "上櫃",
    "industry": "電機機械"
  },
  {
    "symbol": 2067,
    "name": "嘉鋼",
    "market": "上櫃",
    "industry": "電機機械"
  },
  {
    "symbol": 2221,
    "name": "大甲",
    "market": "上櫃",
    "industry": "其他業"
  },
  {
    "symbol": 2230,
    "name": "泰茂",
    "market": "上櫃",
    "industry": "電機機械"
  },
  {
    "symbol": 2233,
    "name": "宇隆",
    "market": "上櫃",
    "industry": "電機機械"
  },
  {
    "symbol": 2235,
    "name": "謚源",
    "market": "上櫃",
    "industry": "電機機械"
  },
  {
    "symbol": 2596,
    "name": "綠意",
    "market": "上櫃",
    "industry": "建材營造業"
  },
  {
    "symbol": 2640,
    "name": "大車隊",
    "market": "上櫃",
    "industry": "其他業"
  },
  {
    "symbol": 2641,
    "name": "正德",
    "market": "上櫃",
    "industry": "航運業"
  },
  {
    "symbol": 2643,
    "name": "捷迅",
    "market": "上櫃",
    "industry": "航運業"
  },
  {
    "symbol": 2718,
    "name": "晶悅",
    "market": "上櫃",
    "industry": "觀光事業"
  },
  {
    "symbol": 2719,
    "name": "燦星旅",
    "market": "上櫃",
    "industry": "觀光事業"
  },
  {
    "symbol": 2724,
    "name": "富驛-KY",
    "market": "上櫃",
    "industry": "觀光事業"
  },
  {
    "symbol": 2726,
    "name": "雅茗-KY",
    "market": "上櫃",
    "industry": "觀光事業"
  },
  {
    "symbol": 2729,
    "name": "瓦城",
    "market": "上櫃",
    "industry": "觀光事業"
  },
  {
    "symbol": 2732,
    "name": "六角",
    "market": "上櫃",
    "industry": "觀光事業"
  },
  {
    "symbol": 2734,
    "name": "易飛網",
    "market": "上櫃",
    "industry": "觀光事業"
  },
  {
    "symbol": 2736,
    "name": "高野",
    "market": "上櫃",
    "industry": "觀光事業"
  },
  {
    "symbol": 2740,
    "name": "天蔥",
    "market": "上櫃",
    "industry": "觀光事業"
  },
  {
    "symbol": 2745,
    "name": "五福",
    "market": "上櫃",
    "industry": "觀光事業"
  },
  {
    "symbol": 2916,
    "name": "滿心",
    "market": "上櫃",
    "industry": "貿易百貨業"
  },
  {
    "symbol": 2924,
    "name": "東凌-KY",
    "market": "上櫃",
    "industry": "貿易百貨業"
  },
  {
    "symbol": 2926,
    "name": "誠品生活",
    "market": "上櫃",
    "industry": "文化創意業"
  },
  {
    "symbol": 2928,
    "name": "紅馬-KY",
    "market": "上櫃",
    "industry": "觀光事業"
  },
  {
    "symbol": 2937,
    "name": "集雅社",
    "market": "上櫃",
    "industry": "貿易百貨業"
  },
  {
    "symbol": 3064,
    "name": "泰偉",
    "market": "上櫃",
    "industry": "文化創意業"
  },
  {
    "symbol": 3066,
    "name": "李洲",
    "market": "上櫃",
    "industry": "光電業"
  },
  {
    "symbol": 3067,
    "name": "全域",
    "market": "上櫃",
    "industry": "其他電子業"
  },
  {
    "symbol": 3071,
    "name": "協禧",
    "market": "上櫃",
    "industry": "電腦及週邊設備業"
  },
  {
    "symbol": 3073,
    "name": "凱柏實業",
    "market": "上櫃",
    "industry": "半導體業"
  },
  {
    "symbol": 3078,
    "name": "僑威",
    "market": "上櫃",
    "industry": "電子零組件業"
  },
  {
    "symbol": 3081,
    "name": "聯亞",
    "market": "上櫃",
    "industry": "通信網路業"
  },
  {
    "symbol": 3083,
    "name": "網龍",
    "market": "上櫃",
    "industry": "文化創意業"
  },
  {
    "symbol": 3085,
    "name": "新零售",
    "market": "上櫃",
    "industry": "資訊服務業"
  },
  {
    "symbol": 3086,
    "name": "華義",
    "market": "上櫃",
    "industry": "文化創意業"
  },
  {
    "symbol": 3088,
    "name": "艾訊",
    "market": "上櫃",
    "industry": "電腦及週邊設備業"
  },
  {
    "symbol": 3089,
    "name": "遠昇",
    "market": "上櫃",
    "industry": "電子零組件業"
  },
  {
    "symbol": 3092,
    "name": "鴻碩",
    "market": "上櫃",
    "industry": "電子零組件業"
  },
  {
    "symbol": 3093,
    "name": "港建",
    "market": "上櫃",
    "industry": "其他電子業"
  },
  {
    "symbol": 3095,
    "name": "及成",
    "market": "上櫃",
    "industry": "通信網路業"
  },
  {
    "symbol": 3105,
    "name": "穩懋",
    "market": "上櫃",
    "industry": "半導體業"
  },
  {
    "symbol": 3114,
    "name": "好德",
    "market": "上櫃",
    "industry": "電子零組件業"
  },
  {
    "symbol": 3115,
    "name": "寶島極",
    "market": "上櫃",
    "industry": "電子零組件業"
  },
  {
    "symbol": 3118,
    "name": "進階",
    "market": "上櫃",
    "industry": "生技醫療業"
  },
  {
    "symbol": 3122,
    "name": "笙泉",
    "market": "上櫃",
    "industry": "半導體業"
  },
  {
    "symbol": 3128,
    "name": "昇銳",
    "market": "上櫃",
    "industry": "光電業"
  },
  {
    "symbol": 3131,
    "name": "弘塑",
    "market": "上櫃",
    "industry": "其他電子業"
  },
  {
    "symbol": 3141,
    "name": "晶宏",
    "market": "上櫃",
    "industry": "半導體業"
  },
  {
    "symbol": 3144,
    "name": "新揚科",
    "market": "上櫃",
    "industry": "電子零組件業"
  },
  {
    "symbol": 3147,
    "name": "大綜",
    "market": "上櫃",
    "industry": "資訊服務業"
  },
  {
    "symbol": 3152,
    "name": "璟德",
    "market": "上櫃",
    "industry": "通信網路業"
  },
  {
    "symbol": 3162,
    "name": "精確",
    "market": "上櫃",
    "industry": "電機機械"
  },
  {
    "symbol": 3163,
    "name": "波若威",
    "market": "上櫃",
    "industry": "通信網路業"
  },
  {
    "symbol": 3169,
    "name": "亞信",
    "market": "上櫃",
    "industry": "半導體業"
  },
  {
    "symbol": 3171,
    "name": "新洲",
    "market": "上櫃",
    "industry": "貿易百貨業"
  },
  {
    "symbol": 3176,
    "name": "基亞",
    "market": "上櫃",
    "industry": "生技醫療業"
  },
  {
    "symbol": 3188,
    "name": "鑫龍騰",
    "market": "上櫃",
    "industry": "半導體業"
  },
  {
    "symbol": 3191,
    "name": "和進",
    "market": "上櫃",
    "industry": "電子零組件業"
  },
  {
    "symbol": 3202,
    "name": "樺晟",
    "market": "上櫃",
    "industry": "電子零組件業"
  },
  {
    "symbol": 3205,
    "name": "佰研",
    "market": "上櫃",
    "industry": "生技醫療業"
  },
  {
    "symbol": 3206,
    "name": "志豐",
    "market": "上櫃",
    "industry": "電子零組件業"
  },
  {
    "symbol": 3207,
    "name": "耀勝",
    "market": "上櫃",
    "industry": "電子零組件業"
  },
  {
    "symbol": 3211,
    "name": "順達",
    "market": "上櫃",
    "industry": "電腦及週邊設備業"
  },
  {
    "symbol": 3213,
    "name": "茂訊",
    "market": "上櫃",
    "industry": "電腦及週邊設備業"
  },
  {
    "symbol": 3217,
    "name": "優群",
    "market": "上櫃",
    "industry": "電子零組件業"
  },
  {
    "symbol": 3218,
    "name": "大學光",
    "market": "上櫃",
    "industry": "生技醫療業"
  },
  {
    "symbol": 3219,
    "name": "倚強",
    "market": "上櫃",
    "industry": "半導體業"
  },
  {
    "symbol": 3221,
    "name": "台嘉碩",
    "market": "上櫃",
    "industry": "通信網路業"
  },
  {
    "symbol": 3224,
    "name": "三顧",
    "market": "上櫃",
    "industry": "電子通路業"
  },
  {
    "symbol": 3226,
    "name": "至寶電",
    "market": "上櫃",
    "industry": "電機機械"
  },
  {
    "symbol": 3227,
    "name": "原相",
    "market": "上櫃",
    "industry": "半導體業"
  },
  {
    "symbol": 3228,
    "name": "金麗科",
    "market": "上櫃",
    "industry": "半導體業"
  },
  {
    "symbol": 3230,
    "name": "錦明",
    "market": "上櫃",
    "industry": "光電業"
  },
  {
    "symbol": 3232,
    "name": "昱捷",
    "market": "上櫃",
    "industry": "電子通路業"
  },
  {
    "symbol": 3234,
    "name": "光環",
    "market": "上櫃",
    "industry": "通信網路業"
  },
  {
    "symbol": 3236,
    "name": "千如",
    "market": "上櫃",
    "industry": "電子零組件業"
  },
  {
    "symbol": 3252,
    "name": "海灣",
    "market": "上櫃",
    "industry": "其他業"
  },
  {
    "symbol": 3259,
    "name": "鑫創",
    "market": "上櫃",
    "industry": "半導體業"
  },
  {
    "symbol": 3260,
    "name": "威剛",
    "market": "上櫃",
    "industry": "半導體業"
  },
  {
    "symbol": 3264,
    "name": "欣銓",
    "market": "上櫃",
    "industry": "半導體業"
  },
  {
    "symbol": 3265,
    "name": "台星科",
    "market": "上櫃",
    "industry": "半導體業"
  },
  {
    "symbol": 3268,
    "name": "海德威",
    "market": "上櫃",
    "industry": "半導體業"
  },
  {
    "symbol": 3272,
    "name": "東碩",
    "market": "上櫃",
    "industry": "電腦及週邊設備業"
  },
  {
    "symbol": 3276,
    "name": "宇環",
    "market": "上櫃",
    "industry": "電子零組件業"
  },
  {
    "symbol": 3284,
    "name": "太普高",
    "market": "上櫃",
    "industry": "其他業"
  },
  {
    "symbol": 3285,
    "name": "微端",
    "market": "上櫃",
    "industry": "其他電子業"
  },
  {
    "symbol": 3287,
    "name": "廣寰科",
    "market": "上櫃",
    "industry": "電腦及週邊設備業"
  },
  {
    "symbol": 3288,
    "name": "點晶",
    "market": "上櫃",
    "industry": "電子零組件業"
  },
  {
    "symbol": 3289,
    "name": "宜特",
    "market": "上櫃",
    "industry": "其他電子業"
  },
  {
    "symbol": 3290,
    "name": "東浦",
    "market": "上櫃",
    "industry": "通信網路業"
  },
  {
    "symbol": 3293,
    "name": "鈊象",
    "market": "上櫃",
    "industry": "文化創意業"
  },
  {
    "symbol": 3294,
    "name": "英濟",
    "market": "上櫃",
    "industry": "電子零組件業"
  },
  {
    "symbol": 3297,
    "name": "杭特",
    "market": "上櫃",
    "industry": "光電業"
  },
  {
    "symbol": 3299,
    "name": "帛漢",
    "market": "上櫃",
    "industry": "通信網路業"
  },
  {
    "symbol": 3303,
    "name": "岱稜",
    "market": "上櫃",
    "industry": "其他電子業"
  },
  {
    "symbol": 3306,
    "name": "鼎天",
    "market": "上櫃",
    "industry": "通信網路業"
  },
  {
    "symbol": 3310,
    "name": "佳穎",
    "market": "上櫃",
    "industry": "電子零組件業"
  },
  {
    "symbol": 3313,
    "name": "斐成",
    "market": "上櫃",
    "industry": "電子零組件業"
  },
  {
    "symbol": 3317,
    "name": "尼克森",
    "market": "上櫃",
    "industry": "半導體業"
  },
  {
    "symbol": 3322,
    "name": "建舜電",
    "market": "上櫃",
    "industry": "電子零組件業"
  },
  {
    "symbol": 3323,
    "name": "加百裕",
    "market": "上櫃",
    "industry": "電腦及週邊設備業"
  },
  {
    "symbol": 3324,
    "name": "雙鴻",
    "market": "上櫃",
    "industry": "其他電子業"
  },
  {
    "symbol": 3325,
    "name": "旭品",
    "market": "上櫃",
    "industry": "電腦及週邊設備業"
  },
  {
    "symbol": 3332,
    "name": "幸康",
    "market": "上櫃",
    "industry": "電子零組件業"
  },
  {
    "symbol": 3339,
    "name": "泰谷",
    "market": "上櫃",
    "industry": "光電業"
  },
  {
    "symbol": 3354,
    "name": "律勝",
    "market": "上櫃",
    "industry": "電子零組件業"
  },
  {
    "symbol": 3360,
    "name": "尚立",
    "market": "上櫃",
    "industry": "電子通路業"
  },
  {
    "symbol": 3362,
    "name": "先進光",
    "market": "上櫃",
    "industry": "光電業"
  },
  {
    "symbol": 3363,
    "name": "上詮",
    "market": "上櫃",
    "industry": "通信網路業"
  },
  {
    "symbol": 3372,
    "name": "典範",
    "market": "上櫃",
    "industry": "半導體業"
  },
  {
    "symbol": 3373,
    "name": "熱映",
    "market": "上櫃",
    "industry": "其他電子業"
  },
  {
    "symbol": 3374,
    "name": "精材",
    "market": "上櫃",
    "industry": "半導體業"
  },
  {
    "symbol": 3379,
    "name": "彬台",
    "market": "上櫃",
    "industry": "電機機械"
  },
  {
    "symbol": 3388,
    "name": "崇越電",
    "market": "上櫃",
    "industry": "電子零組件業"
  },
  {
    "symbol": 3390,
    "name": "旭軟",
    "market": "上櫃",
    "industry": "電子零組件業"
  },
  {
    "symbol": 3402,
    "name": "漢科",
    "market": "上櫃",
    "industry": "其他電子業"
  },
  {
    "symbol": 3426,
    "name": "台興",
    "market": "上櫃",
    "industry": "電機機械"
  },
  {
    "symbol": 3428,
    "name": "光燿科",
    "market": "上櫃",
    "industry": "光電業"
  },
  {
    "symbol": 3431,
    "name": "長天",
    "market": "上櫃",
    "industry": "通信網路業"
  },
  {
    "symbol": 3434,
    "name": "哲固",
    "market": "上櫃",
    "industry": "光電業"
  },
  {
    "symbol": 3438,
    "name": "類比科",
    "market": "上櫃",
    "industry": "半導體業"
  },
  {
    "symbol": 3441,
    "name": "聯一光",
    "market": "上櫃",
    "industry": "光電業"
  },
  {
    "symbol": 3444,
    "name": "利機",
    "market": "上櫃",
    "industry": "電子通路業"
  },
  {
    "symbol": 3452,
    "name": "益通",
    "market": "上櫃",
    "industry": "光電業"
  },
  {
    "symbol": 3455,
    "name": "由田",
    "market": "上櫃",
    "industry": "光電業"
  },
  {
    "symbol": 3465,
    "name": "祥業",
    "market": "上櫃",
    "industry": "電子零組件業"
  },
  {
    "symbol": 3466,
    "name": "致振",
    "market": "上櫃",
    "industry": "通信網路業"
  },
  {
    "symbol": 3479,
    "name": "安勤",
    "market": "上櫃",
    "industry": "電腦及週邊設備業"
  },
  {
    "symbol": 3483,
    "name": "力致",
    "market": "上櫃",
    "industry": "電腦及週邊設備業"
  },
  {
    "symbol": 3484,
    "name": "崧騰",
    "market": "上櫃",
    "industry": "電子零組件業"
  },
  {
    "symbol": 3489,
    "name": "森寶",
    "market": "上櫃",
    "industry": "建材營造業"
  },
  {
    "symbol": 3490,
    "name": "單井",
    "market": "上櫃",
    "industry": "光電業"
  },
  {
    "symbol": 3491,
    "name": "昇達科",
    "market": "上櫃",
    "industry": "通信網路業"
  },
  {
    "symbol": 3492,
    "name": "長盛",
    "market": "上櫃",
    "industry": "電子零組件業"
  },
  {
    "symbol": 3498,
    "name": "陽程",
    "market": "上櫃",
    "industry": "其他電子業"
  },
  {
    "symbol": 3499,
    "name": "環天科",
    "market": "上櫃",
    "industry": "通信網路業"
  },
  {
    "symbol": 3508,
    "name": "位速",
    "market": "上櫃",
    "industry": "其他電子業"
  },
  {
    "symbol": 3511,
    "name": "矽瑪",
    "market": "上櫃",
    "industry": "電子零組件業"
  },
  {
    "symbol": 3512,
    "name": "能緹",
    "market": "上櫃",
    "industry": "電子零組件業"
  },
  {
    "symbol": 3516,
    "name": "亞帝歐",
    "market": "上櫃",
    "industry": "光電業"
  },
  {
    "symbol": 3520,
    "name": "振維",
    "market": "上櫃",
    "industry": "電子零組件業"
  },
  {
    "symbol": 3521,
    "name": "鴻翊",
    "market": "上櫃",
    "industry": "電腦及週邊設備業"
  },
  {
    "symbol": 3522,
    "name": "宏森",
    "market": "上櫃",
    "industry": "光電業"
  },
  {
    "symbol": 3523,
    "name": "迎輝",
    "market": "上櫃",
    "industry": "光電業"
  },
  {
    "symbol": 3526,
    "name": "凡甲",
    "market": "上櫃",
    "industry": "電子零組件業"
  },
  {
    "symbol": 3527,
    "name": "聚積",
    "market": "上櫃",
    "industry": "半導體業"
  },
  {
    "symbol": 3529,
    "name": "力旺",
    "market": "上櫃",
    "industry": "半導體業"
  },
  {
    "symbol": 3531,
    "name": "先益",
    "market": "上櫃",
    "industry": "光電業"
  },
  {
    "symbol": 3537,
    "name": "堡達",
    "market": "上櫃",
    "industry": "電子零組件業"
  },
  {
    "symbol": 3540,
    "name": "曜越",
    "market": "上櫃",
    "industry": "電腦及週邊設備業"
  },
  {
    "symbol": 3541,
    "name": "西柏",
    "market": "上櫃",
    "industry": "其他電子業"
  },
  {
    "symbol": 3546,
    "name": "宇峻",
    "market": "上櫃",
    "industry": "文化創意業"
  },
  {
    "symbol": 3548,
    "name": "兆利",
    "market": "上櫃",
    "industry": "電子零組件業"
  },
  {
    "symbol": 3551,
    "name": "世禾",
    "market": "上櫃",
    "industry": "其他電子業"
  },
  {
    "symbol": 3552,
    "name": "同致",
    "market": "上櫃",
    "industry": "其他電子業"
  },
  {
    "symbol": 3555,
    "name": "重鳥鵬",
    "market": "上櫃",
    "industry": "半導體業"
  },
  {
    "symbol": 3556,
    "name": "禾瑞亞",
    "market": "上櫃",
    "industry": "半導體業"
  },
  {
    "symbol": 3558,
    "name": "神準",
    "market": "上櫃",
    "industry": "通信網路業"
  },
  {
    "symbol": 3562,
    "name": "頂晶科",
    "market": "上櫃",
    "industry": "光電業"
  },
  {
    "symbol": 3563,
    "name": "牧德",
    "market": "上櫃",
    "industry": "其他電子業"
  },
  {
    "symbol": 3564,
    "name": "其陽",
    "market": "上櫃",
    "industry": "通信網路業"
  },
  {
    "symbol": 3567,
    "name": "逸昌",
    "market": "上櫃",
    "industry": "半導體業"
  },
  {
    "symbol": 3570,
    "name": "大塚",
    "market": "上櫃",
    "industry": "資訊服務業"
  },
  {
    "symbol": 3577,
    "name": "泓格",
    "market": "上櫃",
    "industry": "電腦及週邊設備業"
  },
  {
    "symbol": 3580,
    "name": "友威科",
    "market": "上櫃",
    "industry": "其他電子業"
  },
  {
    "symbol": 3581,
    "name": "博磊",
    "market": "上櫃",
    "industry": "半導體業"
  },
  {
    "symbol": 3587,
    "name": "閎康",
    "market": "上櫃",
    "industry": "其他電子業"
  },
  {
    "symbol": 3594,
    "name": "磐儀",
    "market": "上櫃",
    "industry": "電腦及週邊設備業"
  },
  {
    "symbol": 3609,
    "name": "東林",
    "market": "上櫃",
    "industry": "電子零組件業"
  },
  {
    "symbol": 3611,
    "name": "鼎翰",
    "market": "上櫃",
    "industry": "電腦及週邊設備業"
  },
  {
    "symbol": 3615,
    "name": "安可",
    "market": "上櫃",
    "industry": "光電業"
  },
  {
    "symbol": 3623,
    "name": "富晶通",
    "market": "上櫃",
    "industry": "光電業"
  },
  {
    "symbol": 3624,
    "name": "光頡",
    "market": "上櫃",
    "industry": "電子零組件業"
  },
  {
    "symbol": 3625,
    "name": "西勝",
    "market": "上櫃",
    "industry": "電腦及週邊設備業"
  },
  {
    "symbol": 3628,
    "name": "盈正",
    "market": "上櫃",
    "industry": "其他電子業"
  },
  {
    "symbol": 3629,
    "name": "地心引力",
    "market": "上櫃",
    "industry": "光電業"
  },
  {
    "symbol": 3630,
    "name": "新鉅科",
    "market": "上櫃",
    "industry": "光電業"
  },
  {
    "symbol": 3631,
    "name": "晟楠",
    "market": "上櫃",
    "industry": "電子零組件業"
  },
  {
    "symbol": 3632,
    "name": "研勤",
    "market": "上櫃",
    "industry": "通信網路業"
  },
  {
    "symbol": 3642,
    "name": "駿熠電",
    "market": "上櫃",
    "industry": "其他電子業"
  },
  {
    "symbol": 3646,
    "name": "艾恩特",
    "market": "上櫃",
    "industry": "電子零組件業"
  },
  {
    "symbol": 3652,
    "name": "精聯",
    "market": "上櫃",
    "industry": "電腦及週邊設備業"
  },
  {
    "symbol": 3663,
    "name": "鑫科",
    "market": "上櫃",
    "industry": "其他電子業"
  },
  {
    "symbol": 3664,
    "name": "安瑞-KY",
    "market": "上櫃",
    "industry": "通信網路業"
  },
  {
    "symbol": 3666,
    "name": "光耀",
    "market": "上櫃",
    "industry": "光電業"
  },
  {
    "symbol": 3672,
    "name": "康聯訊",
    "market": "上櫃",
    "industry": "通信網路業"
  },
  {
    "symbol": 3675,
    "name": "德微",
    "market": "上櫃",
    "industry": "半導體業"
  },
  {
    "symbol": 3680,
    "name": "家登",
    "market": "上櫃",
    "industry": "半導體業"
  },
  {
    "symbol": 3684,
    "name": "榮昌",
    "market": "上櫃",
    "industry": "通信網路業"
  },
  {
    "symbol": 3685,
    "name": "元創精密",
    "market": "上櫃",
    "industry": "光電業"
  },
  {
    "symbol": 3687,
    "name": "歐買尬",
    "market": "上櫃",
    "industry": "文化創意業"
  },
  {
    "symbol": 3689,
    "name": "湧德",
    "market": "上櫃",
    "industry": "電子零組件業"
  },
  {
    "symbol": 3691,
    "name": "碩禾",
    "market": "上櫃",
    "industry": "光電業"
  },
  {
    "symbol": 3693,
    "name": "營邦",
    "market": "上櫃",
    "industry": "電腦及週邊設備業"
  },
  {
    "symbol": 3707,
    "name": "漢磊",
    "market": "上櫃",
    "industry": "半導體業"
  },
  {
    "symbol": 3709,
    "name": "鑫聯大投控",
    "market": "上櫃",
    "industry": "電腦及週邊設備業"
  },
  {
    "symbol": 3710,
    "name": "連展投控",
    "market": "上櫃",
    "industry": "電子零組件業"
  },
  {
    "symbol": 4102,
    "name": "永日",
    "market": "上櫃",
    "industry": "生技醫療業"
  },
  {
    "symbol": 4103,
    "name": "百略",
    "market": "上櫃",
    "industry": "生技醫療業"
  },
  {
    "symbol": 4105,
    "name": "東洋",
    "market": "上櫃",
    "industry": "生技醫療業"
  },
  {
    "symbol": 4107,
    "name": "邦特",
    "market": "上櫃",
    "industry": "生技醫療業"
  },
  {
    "symbol": 4109,
    "name": "穆拉德加捷",
    "market": "上櫃",
    "industry": "生技醫療業"
  },
  {
    "symbol": 4111,
    "name": "濟生",
    "market": "上櫃",
    "industry": "生技醫療業"
  },
  {
    "symbol": 4113,
    "name": "聯上",
    "market": "上櫃",
    "industry": "建材營造業"
  },
  {
    "symbol": 4114,
    "name": "健喬",
    "market": "上櫃",
    "industry": "生技醫療業"
  },
  {
    "symbol": 4116,
    "name": "明基醫",
    "market": "上櫃",
    "industry": "生技醫療業"
  },
  {
    "symbol": 4120,
    "name": "友華",
    "market": "上櫃",
    "industry": "生技醫療業"
  },
  {
    "symbol": 4121,
    "name": "優盛",
    "market": "上櫃",
    "industry": "生技醫療業"
  },
  {
    "symbol": 4123,
    "name": "晟德",
    "market": "上櫃",
    "industry": "生技醫療業"
  },
  {
    "symbol": 4126,
    "name": "太醫",
    "market": "上櫃",
    "industry": "生技醫療業"
  },
  {
    "symbol": 4127,
    "name": "天良",
    "market": "上櫃",
    "industry": "生技醫療業"
  },
  {
    "symbol": 4128,
    "name": "中天",
    "market": "上櫃",
    "industry": "生技醫療業"
  },
  {
    "symbol": 4129,
    "name": "聯合",
    "market": "上櫃",
    "industry": "生技醫療業"
  },
  {
    "symbol": 4130,
    "name": "健亞",
    "market": "上櫃",
    "industry": "生技醫療業"
  },
  {
    "symbol": 4131,
    "name": "晶宇",
    "market": "上櫃",
    "industry": "生技醫療業"
  },
  {
    "symbol": 4138,
    "name": "曜亞",
    "market": "上櫃",
    "industry": "生技醫療業"
  },
  {
    "symbol": 4139,
    "name": "馬光-KY",
    "market": "上櫃",
    "industry": "生技醫療業"
  },
  {
    "symbol": 4147,
    "name": "中裕",
    "market": "上櫃",
    "industry": "生技醫療業"
  },
  {
    "symbol": 4152,
    "name": "台微體",
    "market": "上櫃",
    "industry": "生技醫療業"
  },
  {
    "symbol": 4153,
    "name": "鈺緯",
    "market": "上櫃",
    "industry": "生技醫療業"
  },
  {
    "symbol": 4154,
    "name": "康樂-KY",
    "market": "上櫃",
    "industry": "生技醫療業"
  },
  {
    "symbol": 4157,
    "name": "太景*-KY",
    "market": "上櫃",
    "industry": "生技醫療業"
  },
  {
    "symbol": 4160,
    "name": "創源",
    "market": "上櫃",
    "industry": "生技醫療業"
  },
  {
    "symbol": 4161,
    "name": "聿新科",
    "market": "上櫃",
    "industry": "生技醫療業"
  },
  {
    "symbol": 4162,
    "name": "智擎",
    "market": "上櫃",
    "industry": "生技醫療業"
  },
  {
    "symbol": 4163,
    "name": "鐿鈦",
    "market": "上櫃",
    "industry": "生技醫療業"
  },
  {
    "symbol": 4167,
    "name": "展旺",
    "market": "上櫃",
    "industry": "生技醫療業"
  },
  {
    "symbol": 4168,
    "name": "醣聯",
    "market": "上櫃",
    "industry": "生技醫療業"
  },
  {
    "symbol": 4171,
    "name": "瑞基",
    "market": "上櫃",
    "industry": "農業科技業"
  },
  {
    "symbol": 4173,
    "name": "久裕",
    "market": "上櫃",
    "industry": "生技醫療業"
  },
  {
    "symbol": 4174,
    "name": "浩鼎",
    "market": "上櫃",
    "industry": "生技醫療業"
  },
  {
    "symbol": 4175,
    "name": "杏一",
    "market": "上櫃",
    "industry": "生技醫療業"
  },
  {
    "symbol": 4180,
    "name": "安成藥",
    "market": "上櫃",
    "industry": "生技醫療業"
  },
  {
    "symbol": 4183,
    "name": "福永生技",
    "market": "上櫃",
    "industry": "生技醫療業"
  },
  {
    "symbol": 4188,
    "name": "安克",
    "market": "上櫃",
    "industry": "生技醫療業"
  },
  {
    "symbol": 4192,
    "name": "杏國",
    "market": "上櫃",
    "industry": "生技醫療業"
  },
  {
    "symbol": 4198,
    "name": "環瑞醫",
    "market": "上櫃",
    "industry": "生技醫療業"
  },
  {
    "symbol": 4205,
    "name": "中華食",
    "market": "上櫃",
    "industry": "食品工業"
  },
  {
    "symbol": 4207,
    "name": "環泰",
    "market": "上櫃",
    "industry": "食品工業"
  },
  {
    "symbol": 4303,
    "name": "信立",
    "market": "上櫃",
    "industry": "塑膠工業"
  },
  {
    "symbol": 4304,
    "name": "勝昱",
    "market": "上櫃",
    "industry": "塑膠工業"
  },
  {
    "symbol": 4305,
    "name": "世坤",
    "market": "上櫃",
    "industry": "塑膠工業"
  },
  {
    "symbol": 4401,
    "name": "東隆興",
    "market": "上櫃",
    "industry": "紡織纖維"
  },
  {
    "symbol": 4402,
    "name": "福大",
    "market": "上櫃",
    "industry": "紡織纖維"
  },
  {
    "symbol": 4406,
    "name": "新昕纖",
    "market": "上櫃",
    "industry": "紡織纖維"
  },
  {
    "symbol": 4413,
    "name": "飛寶",
    "market": "上櫃",
    "industry": "紡織纖維"
  },
  {
    "symbol": 4415,
    "name": "台原藥",
    "market": "上櫃",
    "industry": "食品工業"
  },
  {
    "symbol": 4416,
    "name": "三圓",
    "market": "上櫃",
    "industry": "建材營造業"
  },
  {
    "symbol": 4417,
    "name": "金洲",
    "market": "上櫃",
    "industry": "紡織纖維"
  },
  {
    "symbol": 4419,
    "name": "元勝",
    "market": "上櫃",
    "industry": "紡織纖維"
  },
  {
    "symbol": 4420,
    "name": "光明",
    "market": "上櫃",
    "industry": "紡織纖維"
  },
  {
    "symbol": 4429,
    "name": "聚紡",
    "market": "上櫃",
    "industry": "紡織纖維"
  },
  {
    "symbol": 4430,
    "name": "耀億",
    "market": "上櫃",
    "industry": "其他業"
  },
  {
    "symbol": 4432,
    "name": "銘旺實",
    "market": "上櫃",
    "industry": "紡織纖維"
  },
  {
    "symbol": 4433,
    "name": "興采",
    "market": "上櫃",
    "industry": "紡織纖維"
  },
  {
    "symbol": 4502,
    "name": "健信",
    "market": "上櫃",
    "industry": "電機機械"
  },
  {
    "symbol": 4503,
    "name": "金雨",
    "market": "上櫃",
    "industry": "電機機械"
  },
  {
    "symbol": 4506,
    "name": "崇友",
    "market": "上櫃",
    "industry": "電機機械"
  },
  {
    "symbol": 4510,
    "name": "高鋒",
    "market": "上櫃",
    "industry": "電機機械"
  },
  {
    "symbol": 4513,
    "name": "福裕",
    "market": "上櫃",
    "industry": "電機機械"
  },
  {
    "symbol": 4523,
    "name": "永彰",
    "market": "上櫃",
    "industry": "電機機械"
  },
  {
    "symbol": 4527,
    "name": "方土霖",
    "market": "上櫃",
    "industry": "電機機械"
  },
  {
    "symbol": 4528,
    "name": "江興鍛",
    "market": "上櫃",
    "industry": "電機機械"
  },
  {
    "symbol": 4529,
    "name": "淳紳",
    "market": "上櫃",
    "industry": "其他業"
  },
  {
    "symbol": 4530,
    "name": "宏易",
    "market": "上櫃",
    "industry": "電機機械"
  },
  {
    "symbol": 4533,
    "name": "協易機",
    "market": "上櫃",
    "industry": "電機機械"
  },
  {
    "symbol": 4534,
    "name": "慶騰",
    "market": "上櫃",
    "industry": "電機機械"
  },
  {
    "symbol": 4535,
    "name": "至興",
    "market": "上櫃",
    "industry": "電機機械"
  },
  {
    "symbol": 4541,
    "name": "晟田",
    "market": "上櫃",
    "industry": "其他業"
  },
  {
    "symbol": 4542,
    "name": "科嶠",
    "market": "上櫃",
    "industry": "電子零組件業"
  },
  {
    "symbol": 4543,
    "name": "萬在",
    "market": "上櫃",
    "industry": "電機機械"
  },
  {
    "symbol": 4549,
    "name": "桓達",
    "market": "上櫃",
    "industry": "電機機械"
  },
  {
    "symbol": 4550,
    "name": "長佳",
    "market": "上櫃",
    "industry": "電機機械"
  },
  {
    "symbol": 4554,
    "name": "橙的",
    "market": "上櫃",
    "industry": "其他電子業"
  },
  {
    "symbol": 4556,
    "name": "旭然",
    "market": "上櫃",
    "industry": "其他業"
  },
  {
    "symbol": 4561,
    "name": "健椿",
    "market": "上櫃",
    "industry": "電機機械"
  },
  {
    "symbol": 4609,
    "name": "唐鋒",
    "market": "上櫃",
    "industry": "電器電纜"
  },
  {
    "symbol": 4702,
    "name": "中美實",
    "market": "上櫃",
    "industry": "化學工業"
  },
  {
    "symbol": 4706,
    "name": "大恭",
    "market": "上櫃",
    "industry": "化學工業"
  },
  {
    "symbol": 4707,
    "name": "磐亞",
    "market": "上櫃",
    "industry": "化學工業"
  },
  {
    "symbol": 4711,
    "name": "永純",
    "market": "上櫃",
    "industry": "化學工業"
  },
  {
    "symbol": 4712,
    "name": "南璋",
    "market": "上櫃",
    "industry": "食品工業"
  },
  {
    "symbol": 4714,
    "name": "永捷",
    "market": "上櫃",
    "industry": "化學工業"
  },
  {
    "symbol": 4716,
    "name": "大立",
    "market": "上櫃",
    "industry": "化學工業"
  },
  {
    "symbol": 4721,
    "name": "美琪瑪",
    "market": "上櫃",
    "industry": "化學工業"
  },
  {
    "symbol": 4726,
    "name": "永昕",
    "market": "上櫃",
    "industry": "生技醫療業"
  },
  {
    "symbol": 4728,
    "name": "雙美",
    "market": "上櫃",
    "industry": "生技醫療業"
  },
  {
    "symbol": 4729,
    "name": "熒茂",
    "market": "上櫃",
    "industry": "光電業"
  },
  {
    "symbol": 4735,
    "name": "豪展",
    "market": "上櫃",
    "industry": "生技醫療業"
  },
  {
    "symbol": 4736,
    "name": "泰博",
    "market": "上櫃",
    "industry": "生技醫療業"
  },
  {
    "symbol": 4741,
    "name": "泓瀚",
    "market": "上櫃",
    "industry": "化學工業"
  },
  {
    "symbol": 4743,
    "name": "合一",
    "market": "上櫃",
    "industry": "生技醫療業"
  },
  {
    "symbol": 4745,
    "name": "合富-KY",
    "market": "上櫃",
    "industry": "生技醫療業"
  },
  {
    "symbol": 4747,
    "name": "強生",
    "market": "上櫃",
    "industry": "生技醫療業"
  },
  {
    "symbol": 4754,
    "name": "國碳科",
    "market": "上櫃",
    "industry": "化學工業"
  },
  {
    "symbol": 4803,
    "name": "VHQ-KY",
    "market": "上櫃",
    "industry": "文化創意業"
  },
  {
    "symbol": 4804,
    "name": "大略-KY",
    "market": "上櫃",
    "industry": "觀光事業"
  },
  {
    "symbol": 4806,
    "name": "昇華",
    "market": "上櫃",
    "industry": "文化創意業"
  },
  {
    "symbol": 4903,
    "name": "聯光通",
    "market": "上櫃",
    "industry": "通信網路業"
  },
  {
    "symbol": 4905,
    "name": "台聯電",
    "market": "上櫃",
    "industry": "通信網路業"
  },
  {
    "symbol": 4907,
    "name": "富宇",
    "market": "上櫃",
    "industry": "建材營造業"
  },
  {
    "symbol": 4908,
    "name": "前鼎",
    "market": "上櫃",
    "industry": "通信網路業"
  },
  {
    "symbol": 4909,
    "name": "新復興",
    "market": "上櫃",
    "industry": "通信網路業"
  },
  {
    "symbol": 4911,
    "name": "德英",
    "market": "上櫃",
    "industry": "生技醫療業"
  },
  {
    "symbol": 4924,
    "name": "欣厚-KY",
    "market": "上櫃",
    "industry": "電腦及週邊設備業"
  },
  {
    "symbol": 4933,
    "name": "友輝",
    "market": "上櫃",
    "industry": "光電業"
  },
  {
    "symbol": 4939,
    "name": "亞電",
    "market": "上櫃",
    "industry": "電子零組件業"
  },
  {
    "symbol": 4944,
    "name": "兆遠",
    "market": "上櫃",
    "industry": "光電業"
  },
  {
    "symbol": 4946,
    "name": "辣椒",
    "market": "上櫃",
    "industry": "文化創意業"
  },
  {
    "symbol": 4947,
    "name": "昂寶-KY",
    "market": "上櫃",
    "industry": "半導體業"
  },
  {
    "symbol": 4950,
    "name": "牧東",
    "market": "上櫃",
    "industry": "其他業"
  },
  {
    "symbol": 4953,
    "name": "緯軟",
    "market": "上櫃",
    "industry": "資訊服務業"
  },
  {
    "symbol": 4965,
    "name": "商店街",
    "market": "上櫃",
    "industry": "電子商務"
  },
  {
    "symbol": 4966,
    "name": "譜瑞-KY",
    "market": "上櫃",
    "industry": "半導體業"
  },
  {
    "symbol": 4971,
    "name": "IET-KY",
    "market": "上櫃",
    "industry": "半導體業"
  },
  {
    "symbol": 4972,
    "name": "湯石照明",
    "market": "上櫃",
    "industry": "光電業"
  },
  {
    "symbol": 4973,
    "name": "廣穎",
    "market": "上櫃",
    "industry": "半導體業"
  },
  {
    "symbol": 4974,
    "name": "亞泰",
    "market": "上櫃",
    "industry": "電子零組件業"
  },
  {
    "symbol": 4979,
    "name": "華星光",
    "market": "上櫃",
    "industry": "通信網路業"
  },
  {
    "symbol": 4987,
    "name": "科誠",
    "market": "上櫃",
    "industry": "電腦及週邊設備業"
  },
  {
    "symbol": 4991,
    "name": "環宇-KY",
    "market": "上櫃",
    "industry": "半導體業"
  },
  {
    "symbol": 4995,
    "name": "晶達",
    "market": "上櫃",
    "industry": "光電業"
  },
  {
    "symbol": 5009,
    "name": "榮剛",
    "market": "上櫃",
    "industry": "鋼鐵工業"
  },
  {
    "symbol": 5011,
    "name": "久陽",
    "market": "上櫃",
    "industry": "鋼鐵工業"
  },
  {
    "symbol": 5013,
    "name": "強新",
    "market": "上櫃",
    "industry": "鋼鐵工業"
  },
  {
    "symbol": 5014,
    "name": "建錩",
    "market": "上櫃",
    "industry": "鋼鐵工業"
  },
  {
    "symbol": 5015,
    "name": "華祺",
    "market": "上櫃",
    "industry": "鋼鐵工業"
  },
  {
    "symbol": 5016,
    "name": "松和",
    "market": "上櫃",
    "industry": "鋼鐵工業"
  },
  {
    "symbol": 5102,
    "name": "富強",
    "market": "上櫃",
    "industry": "橡膠工業"
  },
  {
    "symbol": 5201,
    "name": "凱衛",
    "market": "上櫃",
    "industry": "資訊服務業"
  },
  {
    "symbol": 5202,
    "name": "力新",
    "market": "上櫃",
    "industry": "資訊服務業"
  },
  {
    "symbol": 5205,
    "name": "漢康",
    "market": "上櫃",
    "industry": "其他電子業"
  },
  {
    "symbol": 5206,
    "name": "坤悅",
    "market": "上櫃",
    "industry": "建材營造業"
  },
  {
    "symbol": 5209,
    "name": "新鼎",
    "market": "上櫃",
    "industry": "資訊服務業"
  },
  {
    "symbol": 5210,
    "name": "寶碩",
    "market": "上櫃",
    "industry": "資訊服務業"
  },
  {
    "symbol": 5211,
    "name": "蒙恬",
    "market": "上櫃",
    "industry": "資訊服務業"
  },
  {
    "symbol": 5212,
    "name": "凌網",
    "market": "上櫃",
    "industry": "資訊服務業"
  },
  {
    "symbol": 5213,
    "name": "亞昕",
    "market": "上櫃",
    "industry": "建材營造業"
  },
  {
    "symbol": 5220,
    "name": "萬達光電",
    "market": "上櫃",
    "industry": "光電業"
  },
  {
    "symbol": 5227,
    "name": "立凱-KY",
    "market": "上櫃",
    "industry": "電子零組件業"
  },
  {
    "symbol": 5230,
    "name": "雷笛克光學",
    "market": "上櫃",
    "industry": "光電業"
  },
  {
    "symbol": 5245,
    "name": "智晶",
    "market": "上櫃",
    "industry": "光電業"
  },
  {
    "symbol": 5251,
    "name": "天鉞電",
    "market": "上櫃",
    "industry": "光電業"
  },
  {
    "symbol": 5255,
    "name": "美桀",
    "market": "上櫃",
    "industry": "電子零組件業"
  },
  {
    "symbol": 5263,
    "name": "智崴",
    "market": "上櫃",
    "industry": "文化創意業"
  },
  {
    "symbol": 5272,
    "name": "笙科",
    "market": "上櫃",
    "industry": "半導體業"
  },
  {
    "symbol": 5274,
    "name": "信驊",
    "market": "上櫃",
    "industry": "半導體業"
  },
  {
    "symbol": 5276,
    "name": "達輝-KY",
    "market": "上櫃",
    "industry": "其他業"
  },
  {
    "symbol": 5278,
    "name": "尚凡",
    "market": "上櫃",
    "industry": "電子商務"
  },
  {
    "symbol": 5281,
    "name": "大峽谷-KY",
    "market": "上櫃",
    "industry": "光電業"
  },
  {
    "symbol": 5287,
    "name": "數字",
    "market": "上櫃",
    "industry": "電子商務"
  },
  {
    "symbol": 5289,
    "name": "宜鼎",
    "market": "上櫃",
    "industry": "電腦及週邊設備業"
  },
  {
    "symbol": 5291,
    "name": "邑昇",
    "market": "上櫃",
    "industry": "電子零組件業"
  },
  {
    "symbol": 5299,
    "name": "杰力",
    "market": "上櫃",
    "industry": "半導體業"
  },
  {
    "symbol": 5301,
    "name": "寶得利",
    "market": "上櫃",
    "industry": "觀光事業"
  },
  {
    "symbol": 5302,
    "name": "太欣",
    "market": "上櫃",
    "industry": "半導體業"
  },
  {
    "symbol": 5304,
    "name": "鼎創達",
    "market": "上櫃",
    "industry": "電腦及週邊設備業"
  },
  {
    "symbol": 5306,
    "name": "桂盟",
    "market": "上櫃",
    "industry": "其他業"
  },
  {
    "symbol": 5309,
    "name": "系統電",
    "market": "上櫃",
    "industry": "電子零組件業"
  },
  {
    "symbol": 5310,
    "name": "天剛",
    "market": "上櫃",
    "industry": "資訊服務業"
  },
  {
    "symbol": 5312,
    "name": "寶島科",
    "market": "上櫃",
    "industry": "其他業"
  },
  {
    "symbol": 5314,
    "name": "世紀",
    "market": "上櫃",
    "industry": "半導體業"
  },
  {
    "symbol": 5315,
    "name": "光聯",
    "market": "上櫃",
    "industry": "光電業"
  },
  {
    "symbol": 5317,
    "name": "凱美",
    "market": "上櫃",
    "industry": "電子零組件業"
  },
  {
    "symbol": 5321,
    "name": "友銓",
    "market": "上櫃",
    "industry": "電子零組件業"
  },
  {
    "symbol": 5324,
    "name": "士開",
    "market": "上櫃",
    "industry": "建材營造業"
  },
  {
    "symbol": 5328,
    "name": "華容",
    "market": "上櫃",
    "industry": "電子零組件業"
  },
  {
    "symbol": 5340,
    "name": "建榮",
    "market": "上櫃",
    "industry": "電子零組件業"
  },
  {
    "symbol": 5344,
    "name": "立衛",
    "market": "上櫃",
    "industry": "半導體業"
  },
  {
    "symbol": 5345,
    "name": "天揚",
    "market": "上櫃",
    "industry": "電子零組件業"
  },
  {
    "symbol": 5347,
    "name": "世界",
    "market": "上櫃",
    "industry": "半導體業"
  },
  {
    "symbol": 5348,
    "name": "系通",
    "market": "上櫃",
    "industry": "通信網路業"
  },
  {
    "symbol": 5349,
    "name": "先豐",
    "market": "上櫃",
    "industry": "電子零組件業"
  },
  {
    "symbol": 5351,
    "name": "鈺創",
    "market": "上櫃",
    "industry": "半導體業"
  },
  {
    "symbol": 5353,
    "name": "台林",
    "market": "上櫃",
    "industry": "通信網路業"
  },
  {
    "symbol": 5355,
    "name": "佳總",
    "market": "上櫃",
    "industry": "電子零組件業"
  },
  {
    "symbol": 5356,
    "name": "協益",
    "market": "上櫃",
    "industry": "電腦及週邊設備業"
  },
  {
    "symbol": 5364,
    "name": "力麗店",
    "market": "上櫃",
    "industry": "觀光事業"
  },
  {
    "symbol": 5371,
    "name": "中光電",
    "market": "上櫃",
    "industry": "光電業"
  },
  {
    "symbol": 5381,
    "name": "合正",
    "market": "上櫃",
    "industry": "電子零組件業"
  },
  {
    "symbol": 5383,
    "name": "金利",
    "market": "上櫃",
    "industry": "其他電子業"
  },
  {
    "symbol": 5386,
    "name": "青雲",
    "market": "上櫃",
    "industry": "電腦及週邊設備業"
  },
  {
    "symbol": 5392,
    "name": "應華",
    "market": "上櫃",
    "industry": "光電業"
  },
  {
    "symbol": 5398,
    "name": "慕康生醫",
    "market": "上櫃",
    "industry": "電子零組件業"
  },
  {
    "symbol": 5403,
    "name": "中菲",
    "market": "上櫃",
    "industry": "資訊服務業"
  },
  {
    "symbol": 5410,
    "name": "國眾",
    "market": "上櫃",
    "industry": "資訊服務業"
  },
  {
    "symbol": 5425,
    "name": "台半",
    "market": "上櫃",
    "industry": "半導體業"
  },
  {
    "symbol": 5426,
    "name": "振發",
    "market": "上櫃",
    "industry": "電腦及週邊設備業"
  },
  {
    "symbol": 5432,
    "name": "達威",
    "market": "上櫃",
    "industry": "光電業"
  },
  {
    "symbol": 5438,
    "name": "東友",
    "market": "上櫃",
    "industry": "電腦及週邊設備業"
  },
  {
    "symbol": 5439,
    "name": "高技",
    "market": "上櫃",
    "industry": "電子零組件業"
  },
  {
    "symbol": 5443,
    "name": "均豪",
    "market": "上櫃",
    "industry": "光電業"
  },
  {
    "symbol": 5450,
    "name": "寶聯通",
    "market": "上櫃",
    "industry": "電腦及週邊設備業"
  },
  {
    "symbol": 5452,
    "name": "佶優",
    "market": "上櫃",
    "industry": "其他電子業"
  },
  {
    "symbol": 5455,
    "name": "昇益",
    "market": "上櫃",
    "industry": "半導體業"
  },
  {
    "symbol": 5457,
    "name": "宣德",
    "market": "上櫃",
    "industry": "電子零組件業"
  },
  {
    "symbol": 5460,
    "name": "同協",
    "market": "上櫃",
    "industry": "電子零組件業"
  },
  {
    "symbol": 5464,
    "name": "霖宏",
    "market": "上櫃",
    "industry": "電子零組件業"
  },
  {
    "symbol": 5465,
    "name": "富驊",
    "market": "上櫃",
    "industry": "電腦及週邊設備業"
  },
  {
    "symbol": 5468,
    "name": "凱鈺",
    "market": "上櫃",
    "industry": "半導體業"
  },
  {
    "symbol": 5474,
    "name": "聰泰",
    "market": "上櫃",
    "industry": "電腦及週邊設備業"
  },
  {
    "symbol": 5475,
    "name": "德宏",
    "market": "上櫃",
    "industry": "電子零組件業"
  },
  {
    "symbol": 5478,
    "name": "智冠",
    "market": "上櫃",
    "industry": "文化創意業"
  },
  {
    "symbol": 5480,
    "name": "統盟",
    "market": "上櫃",
    "industry": "電子零組件業"
  },
  {
    "symbol": 5481,
    "name": "華韡",
    "market": "上櫃",
    "industry": "電子零組件業"
  },
  {
    "symbol": 5483,
    "name": "中美晶",
    "market": "上櫃",
    "industry": "半導體業"
  },
  {
    "symbol": 5487,
    "name": "通泰",
    "market": "上櫃",
    "industry": "半導體業"
  },
  {
    "symbol": 5488,
    "name": "松普",
    "market": "上櫃",
    "industry": "電子零組件業"
  },
  {
    "symbol": 5489,
    "name": "彩富",
    "market": "上櫃",
    "industry": "其他電子業"
  },
  {
    "symbol": 5490,
    "name": "同亨",
    "market": "上櫃",
    "industry": "電腦及週邊設備業"
  },
  {
    "symbol": 5493,
    "name": "三聯",
    "market": "上櫃",
    "industry": "其他電子業"
  },
  {
    "symbol": 5498,
    "name": "凱崴",
    "market": "上櫃",
    "industry": "電子零組件業"
  },
  {
    "symbol": 5508,
    "name": "永信建",
    "market": "上櫃",
    "industry": "建材營造業"
  },
  {
    "symbol": 5511,
    "name": "德昌",
    "market": "上櫃",
    "industry": "建材營造業"
  },
  {
    "symbol": 5512,
    "name": "力麒",
    "market": "上櫃",
    "industry": "建材營造業"
  },
  {
    "symbol": 5514,
    "name": "三豐",
    "market": "上櫃",
    "industry": "建材營造業"
  },
  {
    "symbol": 5516,
    "name": "雙喜",
    "market": "上櫃",
    "industry": "建材營造業"
  },
  {
    "symbol": 5520,
    "name": "力泰",
    "market": "上櫃",
    "industry": "建材營造業"
  },
  {
    "symbol": 5523,
    "name": "豐謙",
    "market": "上櫃",
    "industry": "建材營造業"
  },
  {
    "symbol": 5529,
    "name": "志嘉",
    "market": "上櫃",
    "industry": "建材營造業"
  },
  {
    "symbol": 5530,
    "name": "龍巖",
    "market": "上櫃",
    "industry": "其他業"
  },
  {
    "symbol": 5536,
    "name": "聖暉",
    "market": "上櫃",
    "industry": "其他電子業"
  },
  {
    "symbol": 5543,
    "name": "崇佑-KY",
    "market": "上櫃",
    "industry": "建材營造業"
  },
  {
    "symbol": 5601,
    "name": "台聯櫃",
    "market": "上櫃",
    "industry": "航運業"
  },
  {
    "symbol": 5603,
    "name": "陸海",
    "market": "上櫃",
    "industry": "航運業"
  },
  {
    "symbol": 5604,
    "name": "中連貨",
    "market": "上櫃",
    "industry": "航運業"
  },
  {
    "symbol": 5609,
    "name": "中菲行",
    "market": "上櫃",
    "industry": "航運業"
  },
  {
    "symbol": 5701,
    "name": "劍湖山",
    "market": "上櫃",
    "industry": "觀光事業"
  },
  {
    "symbol": 5703,
    "name": "亞都",
    "market": "上櫃",
    "industry": "觀光事業"
  },
  {
    "symbol": 5704,
    "name": "老爺知",
    "market": "上櫃",
    "industry": "觀光事業"
  },
  {
    "symbol": 5820,
    "name": "日盛金",
    "market": "上櫃",
    "industry": "金融保險業"
  },
  {
    "symbol": 5864,
    "name": "致和證",
    "market": "上櫃",
    "industry": "金融保險業"
  },
  {
    "symbol": 5878,
    "name": "台名",
    "market": "上櫃",
    "industry": "金融保險業"
  },
  {
    "symbol": 5902,
    "name": "德記",
    "market": "上櫃",
    "industry": "貿易百貨業"
  },
  {
    "symbol": 5903,
    "name": "全家",
    "market": "上櫃",
    "industry": "貿易百貨業"
  },
  {
    "symbol": 5904,
    "name": "寶雅",
    "market": "上櫃",
    "industry": "貿易百貨業"
  },
  {
    "symbol": 5905,
    "name": "南仁湖",
    "market": "上櫃",
    "industry": "貿易百貨業"
  },
  {
    "symbol": 6015,
    "name": "宏遠證",
    "market": "上櫃",
    "industry": "金融保險業"
  },
  {
    "symbol": 6016,
    "name": "康和證",
    "market": "上櫃",
    "industry": "金融保險業"
  },
  {
    "symbol": 6020,
    "name": "大展證",
    "market": "上櫃",
    "industry": "金融保險業"
  },
  {
    "symbol": 6021,
    "name": "大慶證",
    "market": "上櫃",
    "industry": "金融保險業"
  },
  {
    "symbol": 6023,
    "name": "元大期",
    "market": "上櫃",
    "industry": "金融保險業"
  },
  {
    "symbol": 6026,
    "name": "福邦證",
    "market": "上櫃",
    "industry": "金融保險業"
  },
  {
    "symbol": 6101,
    "name": "寬魚國際",
    "market": "上櫃",
    "industry": "電子零組件業"
  },
  {
    "symbol": 6103,
    "name": "合邦",
    "market": "上櫃",
    "industry": "半導體業"
  },
  {
    "symbol": 6104,
    "name": "創惟",
    "market": "上櫃",
    "industry": "半導體業"
  },
  {
    "symbol": 6107,
    "name": "華美",
    "market": "上櫃",
    "industry": "電子通路業"
  },
  {
    "symbol": 6109,
    "name": "亞元",
    "market": "上櫃",
    "industry": "通信網路業"
  },
  {
    "symbol": 6111,
    "name": "大宇資",
    "market": "上櫃",
    "industry": "文化創意業"
  },
  {
    "symbol": 6113,
    "name": "亞矽",
    "market": "上櫃",
    "industry": "電子通路業"
  },
  {
    "symbol": 6114,
    "name": "久威",
    "market": "上櫃",
    "industry": "電子零組件業"
  },
  {
    "symbol": 6118,
    "name": "建達",
    "market": "上櫃",
    "industry": "電子通路業"
  },
  {
    "symbol": 6121,
    "name": "新普",
    "market": "上櫃",
    "industry": "電腦及週邊設備業"
  },
  {
    "symbol": 6122,
    "name": "擎邦",
    "market": "上櫃",
    "industry": "電機機械"
  },
  {
    "symbol": 6123,
    "name": "上奇",
    "market": "上櫃",
    "industry": "電腦及週邊設備業"
  },
  {
    "symbol": 6124,
    "name": "業強",
    "market": "上櫃",
    "industry": "電子零組件業"
  },
  {
    "symbol": 6125,
    "name": "廣運",
    "market": "上櫃",
    "industry": "光電業"
  },
  {
    "symbol": 6126,
    "name": "信音",
    "market": "上櫃",
    "industry": "電子零組件業"
  },
  {
    "symbol": 6127,
    "name": "九豪",
    "market": "上櫃",
    "industry": "電子零組件業"
  },
  {
    "symbol": 6129,
    "name": "普誠",
    "market": "上櫃",
    "industry": "半導體業"
  },
  {
    "symbol": 6130,
    "name": "星寶國際",
    "market": "上櫃",
    "industry": "生技醫療業"
  },
  {
    "symbol": 6134,
    "name": "萬旭",
    "market": "上櫃",
    "industry": "電子零組件業"
  },
  {
    "symbol": 6138,
    "name": "茂達",
    "market": "上櫃",
    "industry": "半導體業"
  },
  {
    "symbol": 6140,
    "name": "訊達",
    "market": "上櫃",
    "industry": "資訊服務業"
  },
  {
    "symbol": 6143,
    "name": "振曜",
    "market": "上櫃",
    "industry": "通信網路業"
  },
  {
    "symbol": 6144,
    "name": "得利影",
    "market": "上櫃",
    "industry": "文化創意業"
  },
  {
    "symbol": 6146,
    "name": "耕興",
    "market": "上櫃",
    "industry": "其他電子業"
  },
  {
    "symbol": 6147,
    "name": "頎邦",
    "market": "上櫃",
    "industry": "半導體業"
  },
  {
    "symbol": 6148,
    "name": "驊宏資",
    "market": "上櫃",
    "industry": "資訊服務業"
  },
  {
    "symbol": 6150,
    "name": "撼訊",
    "market": "上櫃",
    "industry": "電腦及週邊設備業"
  },
  {
    "symbol": 6151,
    "name": "晉倫",
    "market": "上櫃",
    "industry": "其他電子業"
  },
  {
    "symbol": 6154,
    "name": "順發",
    "market": "上櫃",
    "industry": "電子通路業"
  },
  {
    "symbol": 6156,
    "name": "松上",
    "market": "上櫃",
    "industry": "電子零組件業"
  },
  {
    "symbol": 6158,
    "name": "禾昌",
    "market": "上櫃",
    "industry": "電子零組件業"
  },
  {
    "symbol": 6160,
    "name": "欣技",
    "market": "上櫃",
    "industry": "電腦及週邊設備業"
  },
  {
    "symbol": 6161,
    "name": "捷波",
    "market": "上櫃",
    "industry": "電腦及週邊設備業"
  },
  {
    "symbol": 6163,
    "name": "華電網",
    "market": "上櫃",
    "industry": "通信網路業"
  },
  {
    "symbol": 6167,
    "name": "久正",
    "market": "上櫃",
    "industry": "光電業"
  },
  {
    "symbol": 6169,
    "name": "昱泉",
    "market": "上櫃",
    "industry": "文化創意業"
  },
  {
    "symbol": 6170,
    "name": "統振",
    "market": "上櫃",
    "industry": "通信網路業"
  },
  {
    "symbol": 6171,
    "name": "亞銳士",
    "market": "上櫃",
    "industry": "建材營造業"
  },
  {
    "symbol": 6173,
    "name": "信昌電",
    "market": "上櫃",
    "industry": "電子零組件業"
  },
  {
    "symbol": 6174,
    "name": "安碁",
    "market": "上櫃",
    "industry": "電子零組件業"
  },
  {
    "symbol": 6175,
    "name": "立敦",
    "market": "上櫃",
    "industry": "電子零組件業"
  },
  {
    "symbol": 6179,
    "name": "亞通",
    "market": "上櫃",
    "industry": "其他業"
  },
  {
    "symbol": 6180,
    "name": "橘子",
    "market": "上櫃",
    "industry": "文化創意業"
  },
  {
    "symbol": 6182,
    "name": "合晶",
    "market": "上櫃",
    "industry": "半導體業"
  },
  {
    "symbol": 6185,
    "name": "幃翔",
    "market": "上櫃",
    "industry": "電子零組件業"
  },
  {
    "symbol": 6186,
    "name": "新潤",
    "market": "上櫃",
    "industry": "建材營造業"
  },
  {
    "symbol": 6187,
    "name": "萬潤",
    "market": "上櫃",
    "industry": "其他電子業"
  },
  {
    "symbol": 6188,
    "name": "廣明",
    "market": "上櫃",
    "industry": "電腦及週邊設備業"
  },
  {
    "symbol": 6190,
    "name": "萬泰科",
    "market": "上櫃",
    "industry": "通信網路業"
  },
  {
    "symbol": 6194,
    "name": "育富",
    "market": "上櫃",
    "industry": "電子零組件業"
  },
  {
    "symbol": 6195,
    "name": "詩肯",
    "market": "上櫃",
    "industry": "貿易百貨業"
  },
  {
    "symbol": 6198,
    "name": "凌泰",
    "market": "上櫃",
    "industry": "半導體業"
  },
  {
    "symbol": 6199,
    "name": "天品",
    "market": "上櫃",
    "industry": "其他業"
  },
  {
    "symbol": 6203,
    "name": "海韻電",
    "market": "上櫃",
    "industry": "電子零組件業"
  },
  {
    "symbol": 6204,
    "name": "艾華",
    "market": "上櫃",
    "industry": "電子零組件業"
  },
  {
    "symbol": 6207,
    "name": "雷科",
    "market": "上櫃",
    "industry": "電子零組件業"
  },
  {
    "symbol": 6208,
    "name": "日揚",
    "market": "上櫃",
    "industry": "電子零組件業"
  },
  {
    "symbol": 6210,
    "name": "慶生",
    "market": "上櫃",
    "industry": "電子零組件業"
  },
  {
    "symbol": 6212,
    "name": "理銘",
    "market": "上櫃",
    "industry": "建材營造業"
  },
  {
    "symbol": 6217,
    "name": "中探針",
    "market": "上櫃",
    "industry": "電子零組件業"
  },
  {
    "symbol": 6218,
    "name": "豪勉",
    "market": "上櫃",
    "industry": "通信網路業"
  },
  {
    "symbol": 6219,
    "name": "富旺",
    "market": "上櫃",
    "industry": "建材營造業"
  },
  {
    "symbol": 6220,
    "name": "岳豐",
    "market": "上櫃",
    "industry": "電子零組件業"
  },
  {
    "symbol": 6221,
    "name": "晉泰",
    "market": "上櫃",
    "industry": "資訊服務業"
  },
  {
    "symbol": 6222,
    "name": "上揚",
    "market": "上櫃",
    "industry": "電腦及週邊設備業"
  },
  {
    "symbol": 6223,
    "name": "旺矽",
    "market": "上櫃",
    "industry": "半導體業"
  },
  {
    "symbol": 6227,
    "name": "茂綸",
    "market": "上櫃",
    "industry": "電子通路業"
  },
  {
    "symbol": 6228,
    "name": "全譜",
    "market": "上櫃",
    "industry": "電腦及週邊設備業"
  },
  {
    "symbol": 6229,
    "name": "研通",
    "market": "上櫃",
    "industry": "半導體業"
  },
  {
    "symbol": 6231,
    "name": "系微",
    "market": "上櫃",
    "industry": "資訊服務業"
  },
  {
    "symbol": 6233,
    "name": "旺玖",
    "market": "上櫃",
    "industry": "半導體業"
  },
  {
    "symbol": 6234,
    "name": "高僑",
    "market": "上櫃",
    "industry": "光電業"
  },
  {
    "symbol": 6236,
    "name": "康呈",
    "market": "上櫃",
    "industry": "其他業"
  },
  {
    "symbol": 6237,
    "name": "驊訊",
    "market": "上櫃",
    "industry": "半導體業"
  },
  {
    "symbol": 6238,
    "name": "勝麗",
    "market": "上櫃",
    "industry": "其他電子業"
  },
  {
    "symbol": 6240,
    "name": "松崗",
    "market": "上櫃",
    "industry": "資訊服務業"
  },
  {
    "symbol": 6241,
    "name": "易通展",
    "market": "上櫃",
    "industry": "通信網路業"
  },
  {
    "symbol": 6242,
    "name": "立康",
    "market": "上櫃",
    "industry": "生技醫療業"
  },
  {
    "symbol": 6244,
    "name": "茂迪",
    "market": "上櫃",
    "industry": "光電業"
  },
  {
    "symbol": 6245,
    "name": "立端",
    "market": "上櫃",
    "industry": "通信網路業"
  },
  {
    "symbol": 6246,
    "name": "臺龍",
    "market": "上櫃",
    "industry": "光電業"
  },
  {
    "symbol": 6247,
    "name": "淇譽電",
    "market": "上櫃",
    "industry": "其他電子業"
  },
  {
    "symbol": 6248,
    "name": "沛波",
    "market": "上櫃",
    "industry": "鋼鐵工業"
  },
  {
    "symbol": 6259,
    "name": "百徽",
    "market": "上櫃",
    "industry": "電子零組件業"
  },
  {
    "symbol": 6261,
    "name": "久元",
    "market": "上櫃",
    "industry": "半導體業"
  },
  {
    "symbol": 6263,
    "name": "普萊德",
    "market": "上櫃",
    "industry": "通信網路業"
  },
  {
    "symbol": 6264,
    "name": "富裔",
    "market": "上櫃",
    "industry": "建材營造業"
  },
  {
    "symbol": 6265,
    "name": "方土昶",
    "market": "上櫃",
    "industry": "電子通路業"
  },
  {
    "symbol": 6266,
    "name": "泰詠",
    "market": "上櫃",
    "industry": "電子零組件業"
  },
  {
    "symbol": 6270,
    "name": "倍微",
    "market": "上櫃",
    "industry": "電子通路業"
  },
  {
    "symbol": 6274,
    "name": "台燿",
    "market": "上櫃",
    "industry": "電子零組件業"
  },
  {
    "symbol": 6275,
    "name": "元山",
    "market": "上櫃",
    "industry": "其他電子業"
  },
  {
    "symbol": 6276,
    "name": "安鈦克",
    "market": "上櫃",
    "industry": "電腦及週邊設備業"
  },
  {
    "symbol": 6279,
    "name": "胡連",
    "market": "上櫃",
    "industry": "電子零組件業"
  },
  {
    "symbol": 6284,
    "name": "佳邦",
    "market": "上櫃",
    "industry": "電子零組件業"
  },
  {
    "symbol": 6287,
    "name": "元隆",
    "market": "上櫃",
    "industry": "半導體業"
  },
  {
    "symbol": 6290,
    "name": "良維",
    "market": "上櫃",
    "industry": "電子零組件業"
  },
  {
    "symbol": 6291,
    "name": "沛亨",
    "market": "上櫃",
    "industry": "半導體業"
  },
  {
    "symbol": 6292,
    "name": "迅德",
    "market": "上櫃",
    "industry": "電子零組件業"
  },
  {
    "symbol": 6294,
    "name": "智基",
    "market": "上櫃",
    "industry": "其他業"
  },
  {
    "symbol": 6298,
    "name": "崴強",
    "market": "上櫃",
    "industry": "電腦及週邊設備業"
  },
  {
    "symbol": 6404,
    "name": "通訊-KY",
    "market": "上櫃",
    "industry": "資訊服務業"
  },
  {
    "symbol": 6411,
    "name": "晶焱",
    "market": "上櫃",
    "industry": "半導體業"
  },
  {
    "symbol": 6417,
    "name": "韋僑",
    "market": "上櫃",
    "industry": "通信網路業"
  },
  {
    "symbol": 6419,
    "name": "京晨科",
    "market": "上櫃",
    "industry": "光電業"
  },
  {
    "symbol": 6426,
    "name": "統新",
    "market": "上櫃",
    "industry": "通信網路業"
  },
  {
    "symbol": 6432,
    "name": "今展科",
    "market": "上櫃",
    "industry": "電子零組件業"
  },
  {
    "symbol": 6435,
    "name": "大中",
    "market": "上櫃",
    "industry": "半導體業"
  },
  {
    "symbol": 6438,
    "name": "迅得",
    "market": "上櫃",
    "industry": "其他電子業"
  },
  {
    "symbol": 6441,
    "name": "廣錠",
    "market": "上櫃",
    "industry": "電腦及週邊設備業"
  },
  {
    "symbol": 6446,
    "name": "藥華藥",
    "market": "上櫃",
    "industry": "生技醫療業"
  },
  {
    "symbol": 6457,
    "name": "紘康",
    "market": "上櫃",
    "industry": "半導體業"
  },
  {
    "symbol": 6461,
    "name": "益得",
    "market": "上櫃",
    "industry": "生技醫療業"
  },
  {
    "symbol": 6462,
    "name": "神盾",
    "market": "上櫃",
    "industry": "半導體業"
  },
  {
    "symbol": 6465,
    "name": "威潤",
    "market": "上櫃",
    "industry": "通信網路業"
  },
  {
    "symbol": 6469,
    "name": "大樹",
    "market": "上櫃",
    "industry": "生技醫療業"
  },
  {
    "symbol": 6470,
    "name": "宇智",
    "market": "上櫃",
    "industry": "通信網路業"
  },
  {
    "symbol": 6472,
    "name": "保瑞",
    "market": "上櫃",
    "industry": "生技醫療業"
  },
  {
    "symbol": 6482,
    "name": "弘煜科",
    "market": "上櫃",
    "industry": "文化創意業"
  },
  {
    "symbol": 6485,
    "name": "點序",
    "market": "上櫃",
    "industry": "半導體業"
  },
  {
    "symbol": 6486,
    "name": "互動",
    "market": "上櫃",
    "industry": "通信網路業"
  },
  {
    "symbol": 6488,
    "name": "環球晶",
    "market": "上櫃",
    "industry": "半導體業"
  },
  {
    "symbol": 6492,
    "name": "生華科",
    "market": "上櫃",
    "industry": "生技醫療業"
  },
  {
    "symbol": 6494,
    "name": "九齊",
    "market": "上櫃",
    "industry": "半導體業"
  },
  {
    "symbol": 6496,
    "name": "科懋",
    "market": "上櫃",
    "industry": "生技醫療業"
  },
  {
    "symbol": 6497,
    "name": "亞獅康-KY",
    "market": "上櫃",
    "industry": "生技醫療業"
  },
  {
    "symbol": 6499,
    "name": "益安",
    "market": "上櫃",
    "industry": "生技醫療業"
  },
  {
    "symbol": 6506,
    "name": "雙邦",
    "market": "上櫃",
    "industry": "化學工業"
  },
  {
    "symbol": 6508,
    "name": "惠光",
    "market": "上櫃",
    "industry": "農業科技業"
  },
  {
    "symbol": 6509,
    "name": "聚和",
    "market": "上櫃",
    "industry": "化學工業"
  },
  {
    "symbol": 6510,
    "name": "精測",
    "market": "上櫃",
    "industry": "半導體業"
  },
  {
    "symbol": 6512,
    "name": "啟發電",
    "market": "上櫃",
    "industry": "其他電子業"
  },
  {
    "symbol": 6514,
    "name": "芮特-KY",
    "market": "上櫃",
    "industry": "通信網路業"
  },
  {
    "symbol": 6523,
    "name": "達爾膚",
    "market": "上櫃",
    "industry": "生技醫療業"
  },
  {
    "symbol": 6530,
    "name": "創威",
    "market": "上櫃",
    "industry": "通信網路業"
  },
  {
    "symbol": 6532,
    "name": "瑞耘",
    "market": "上櫃",
    "industry": "半導體業"
  },
  {
    "symbol": 6535,
    "name": "順藥",
    "market": "上櫃",
    "industry": "生技醫療業"
  },
  {
    "symbol": 6538,
    "name": "倉和",
    "market": "上櫃",
    "industry": "電子零組件業"
  },
  {
    "symbol": 6542,
    "name": "隆中",
    "market": "上櫃",
    "industry": "文化創意業"
  },
  {
    "symbol": 6547,
    "name": "高端疫苗",
    "market": "上櫃",
    "industry": "生技醫療業"
  },
  {
    "symbol": 6548,
    "name": "長華科",
    "market": "上櫃",
    "industry": "光電業"
  },
  {
    "symbol": 6556,
    "name": "勝品",
    "market": "上櫃",
    "industry": "光電業"
  },
  {
    "symbol": 6560,
    "name": "欣普羅",
    "market": "上櫃",
    "industry": "光電業"
  },
  {
    "symbol": 6561,
    "name": "是方",
    "market": "上櫃",
    "industry": "通信網路業"
  },
  {
    "symbol": 6568,
    "name": "宏觀",
    "market": "上櫃",
    "industry": "半導體業"
  },
  {
    "symbol": 6569,
    "name": "醫揚",
    "market": "上櫃",
    "industry": "生技醫療業"
  },
  {
    "symbol": 6570,
    "name": "維田",
    "market": "上櫃",
    "industry": "電腦及週邊設備業"
  },
  {
    "symbol": 6574,
    "name": "霈方",
    "market": "上櫃",
    "industry": "生技醫療業"
  },
  {
    "symbol": 6577,
    "name": "勁豐",
    "market": "上櫃",
    "industry": "電腦及週邊設備業"
  },
  {
    "symbol": 6593,
    "name": "台灣銘板",
    "market": "上櫃",
    "industry": "資訊服務業"
  },
  {
    "symbol": 6594,
    "name": "展匯科",
    "market": "上櫃",
    "industry": "半導體業"
  },
  {
    "symbol": 6596,
    "name": "寬宏藝術",
    "market": "上櫃",
    "industry": "文化創意業"
  },
  {
    "symbol": 6603,
    "name": "富強鑫",
    "market": "上櫃",
    "industry": "電機機械"
  },
  {
    "symbol": 6609,
    "name": "瀧澤科",
    "market": "上櫃",
    "industry": "電機機械"
  },
  {
    "symbol": 6613,
    "name": "朋億",
    "market": "上櫃",
    "industry": "其他電子業"
  },
  {
    "symbol": 6615,
    "name": "慧智",
    "market": "上櫃",
    "industry": "生技醫療業"
  },
  {
    "symbol": 6616,
    "name": "特昇-KY",
    "market": "上櫃",
    "industry": "其他業"
  },
  {
    "symbol": 6803,
    "name": "崑鼎",
    "market": "上櫃",
    "industry": "其他業"
  },
  {
    "symbol": 7402,
    "name": "邑錡",
    "market": "上櫃",
    "industry": "光電業"
  },
  {
    "symbol": 8024,
    "name": "佑華",
    "market": "上櫃",
    "industry": "半導體業"
  },
  {
    "symbol": 8027,
    "name": "鈦昇",
    "market": "上櫃",
    "industry": "電機機械"
  },
  {
    "symbol": 8032,
    "name": "光菱",
    "market": "上櫃",
    "industry": "電子通路業"
  },
  {
    "symbol": 8034,
    "name": "榮群",
    "market": "上櫃",
    "industry": "通信網路業"
  },
  {
    "symbol": 8038,
    "name": "長園科",
    "market": "上櫃",
    "industry": "電子零組件業"
  },
  {
    "symbol": 8040,
    "name": "九暘",
    "market": "上櫃",
    "industry": "半導體業"
  },
  {
    "symbol": 8042,
    "name": "金山電",
    "market": "上櫃",
    "industry": "電子零組件業"
  },
  {
    "symbol": 8043,
    "name": "蜜望實",
    "market": "上櫃",
    "industry": "電子零組件業"
  },
  {
    "symbol": 8044,
    "name": "網家",
    "market": "上櫃",
    "industry": "電子商務"
  },
  {
    "symbol": 8047,
    "name": "星雲",
    "market": "上櫃",
    "industry": "其他電子業"
  },
  {
    "symbol": 8048,
    "name": "德勝",
    "market": "上櫃",
    "industry": "通信網路業"
  },
  {
    "symbol": 8049,
    "name": "晶采",
    "market": "上櫃",
    "industry": "光電業"
  },
  {
    "symbol": 8050,
    "name": "廣積",
    "market": "上櫃",
    "industry": "電腦及週邊設備業"
  },
  {
    "symbol": 8054,
    "name": "安國",
    "market": "上櫃",
    "industry": "半導體業"
  },
  {
    "symbol": 8059,
    "name": "凱碩",
    "market": "上櫃",
    "industry": "通信網路業"
  },
  {
    "symbol": 8064,
    "name": "東捷",
    "market": "上櫃",
    "industry": "光電業"
  },
  {
    "symbol": 8066,
    "name": "來思達",
    "market": "上櫃",
    "industry": "貿易百貨業"
  },
  {
    "symbol": 8067,
    "name": "志旭",
    "market": "上櫃",
    "industry": "電子通路業"
  },
  {
    "symbol": 8068,
    "name": "全達",
    "market": "上櫃",
    "industry": "電子通路業"
  },
  {
    "symbol": 8069,
    "name": "元太",
    "market": "上櫃",
    "industry": "光電業"
  },
  {
    "symbol": 8071,
    "name": "能率網通",
    "market": "上櫃",
    "industry": "電子零組件業"
  },
  {
    "symbol": 8074,
    "name": "鉅橡",
    "market": "上櫃",
    "industry": "電子零組件業"
  },
  {
    "symbol": 8076,
    "name": "伍豐",
    "market": "上櫃",
    "industry": "電腦及週邊設備業"
  },
  {
    "symbol": 8077,
    "name": "洛碁",
    "market": "上櫃",
    "industry": "觀光事業"
  },
  {
    "symbol": 8080,
    "name": "奧斯特",
    "market": "上櫃",
    "industry": "電子零組件業"
  },
  {
    "symbol": 8083,
    "name": "瑞穎",
    "market": "上櫃",
    "industry": "電機機械"
  },
  {
    "symbol": 8084,
    "name": "巨虹",
    "market": "上櫃",
    "industry": "電子通路業"
  },
  {
    "symbol": 8085,
    "name": "福華",
    "market": "上櫃",
    "industry": "其他電子業"
  },
  {
    "symbol": 8086,
    "name": "宏捷科",
    "market": "上櫃",
    "industry": "半導體業"
  },
  {
    "symbol": 8087,
    "name": "華鎂鑫",
    "market": "上櫃",
    "industry": "光電業"
  },
  {
    "symbol": 8088,
    "name": "品安",
    "market": "上櫃",
    "industry": "半導體業"
  },
  {
    "symbol": 8091,
    "name": "翔名",
    "market": "上櫃",
    "industry": "電子零組件業"
  },
  {
    "symbol": 8092,
    "name": "建暐",
    "market": "上櫃",
    "industry": "其他電子業"
  },
  {
    "symbol": 8093,
    "name": "保銳",
    "market": "上櫃",
    "industry": "電子零組件業"
  },
  {
    "symbol": 8096,
    "name": "擎亞",
    "market": "上櫃",
    "industry": "電子通路業"
  },
  {
    "symbol": 8097,
    "name": "常珵",
    "market": "上櫃",
    "industry": "通信網路業"
  },
  {
    "symbol": 8099,
    "name": "大世科",
    "market": "上櫃",
    "industry": "資訊服務業"
  },
  {
    "symbol": 8107,
    "name": "大億金茂",
    "market": "上櫃",
    "industry": "電機機械"
  },
  {
    "symbol": 8109,
    "name": "博大",
    "market": "上櫃",
    "industry": "電子零組件業"
  },
  {
    "symbol": 8111,
    "name": "立碁",
    "market": "上櫃",
    "industry": "光電業"
  },
  {
    "symbol": 8121,
    "name": "越峰",
    "market": "上櫃",
    "industry": "電子零組件業"
  },
  {
    "symbol": 8147,
    "name": "正淩",
    "market": "上櫃",
    "industry": "電子零組件業"
  },
  {
    "symbol": 8155,
    "name": "博智",
    "market": "上櫃",
    "industry": "電子零組件業"
  },
  {
    "symbol": 8171,
    "name": "天宇",
    "market": "上櫃",
    "industry": "通信網路業"
  },
  {
    "symbol": 8176,
    "name": "智捷",
    "market": "上櫃",
    "industry": "通信網路業"
  },
  {
    "symbol": 8182,
    "name": "加高",
    "market": "上櫃",
    "industry": "電子零組件業"
  },
  {
    "symbol": 8183,
    "name": "精星",
    "market": "上櫃",
    "industry": "其他電子業"
  },
  {
    "symbol": 8234,
    "name": "新漢",
    "market": "上櫃",
    "industry": "電腦及週邊設備業"
  },
  {
    "symbol": 8240,
    "name": "華宏",
    "market": "上櫃",
    "industry": "光電業"
  },
  {
    "symbol": 8255,
    "name": "朋程",
    "market": "上櫃",
    "industry": "電機機械"
  },
  {
    "symbol": 8277,
    "name": "商丞",
    "market": "上櫃",
    "industry": "半導體業"
  },
  {
    "symbol": 8279,
    "name": "生展",
    "market": "上櫃",
    "industry": "生技醫療業"
  },
  {
    "symbol": 8287,
    "name": "英格爾",
    "market": "上櫃",
    "industry": "電子零組件業"
  },
  {
    "symbol": 8289,
    "name": "泰藝",
    "market": "上櫃",
    "industry": "電子零組件業"
  },
  {
    "symbol": 8291,
    "name": "尚茂",
    "market": "上櫃",
    "industry": "電子零組件業"
  },
  {
    "symbol": 8299,
    "name": "群聯",
    "market": "上櫃",
    "industry": "電腦及週邊設備業"
  },
  {
    "symbol": 8342,
    "name": "益張",
    "market": "上櫃",
    "industry": "其他業"
  },
  {
    "symbol": 8349,
    "name": "恒耀",
    "market": "上櫃",
    "industry": "鋼鐵工業"
  },
  {
    "symbol": 8354,
    "name": "冠好",
    "market": "上櫃",
    "industry": "塑膠工業"
  },
  {
    "symbol": 8358,
    "name": "金居",
    "market": "上櫃",
    "industry": "電子零組件業"
  },
  {
    "symbol": 8383,
    "name": "千附",
    "market": "上櫃",
    "industry": "其他電子業"
  },
  {
    "symbol": 8390,
    "name": "金益鼎",
    "market": "上櫃",
    "industry": "其他業"
  },
  {
    "symbol": 8401,
    "name": "白紗科",
    "market": "上櫃",
    "industry": "其他業"
  },
  {
    "symbol": 8403,
    "name": "盛弘",
    "market": "上櫃",
    "industry": "生技醫療業"
  },
  {
    "symbol": 8406,
    "name": "金可-KY",
    "market": "上櫃",
    "industry": "生技醫療業"
  },
  {
    "symbol": 8409,
    "name": "商之器",
    "market": "上櫃",
    "industry": "生技醫療業"
  },
  {
    "symbol": 8410,
    "name": "森田",
    "market": "上櫃",
    "industry": "電腦及週邊設備業"
  },
  {
    "symbol": 8415,
    "name": "大國鋼",
    "market": "上櫃",
    "industry": "鋼鐵工業"
  },
  {
    "symbol": 8416,
    "name": "實威",
    "market": "上櫃",
    "industry": "資訊服務業"
  },
  {
    "symbol": 8418,
    "name": "捷必勝-KY",
    "market": "上櫃",
    "industry": "其他業"
  },
  {
    "symbol": 8420,
    "name": "明揚",
    "market": "上櫃",
    "industry": "其他業"
  },
  {
    "symbol": 8421,
    "name": "旭源",
    "market": "上櫃",
    "industry": "其他業"
  },
  {
    "symbol": 8423,
    "name": "保綠-KY",
    "market": "上櫃",
    "industry": "其他業"
  },
  {
    "symbol": 8424,
    "name": "惠普",
    "market": "上櫃",
    "industry": "建材營造業"
  },
  {
    "symbol": 8426,
    "name": "紅木-KY",
    "market": "上櫃",
    "industry": "其他業"
  },
  {
    "symbol": 8431,
    "name": "匯鑽科",
    "market": "上櫃",
    "industry": "其他電子業"
  },
  {
    "symbol": 8432,
    "name": "東生華",
    "market": "上櫃",
    "industry": "生技醫療業"
  },
  {
    "symbol": 8433,
    "name": "弘帆",
    "market": "上櫃",
    "industry": "貿易百貨業"
  },
  {
    "symbol": 8435,
    "name": "鉅邁",
    "market": "上櫃",
    "industry": "其他業"
  },
  {
    "symbol": 8436,
    "name": "大江",
    "market": "上櫃",
    "industry": "生技醫療業"
  },
  {
    "symbol": 8437,
    "name": "大地-KY",
    "market": "上櫃",
    "industry": "其他業"
  },
  {
    "symbol": 8440,
    "name": "綠電",
    "market": "上櫃",
    "industry": "其他業"
  },
  {
    "symbol": 8444,
    "name": "綠河-KY",
    "market": "上櫃",
    "industry": "其他業"
  },
  {
    "symbol": 8446,
    "name": "華研",
    "market": "上櫃",
    "industry": "文化創意業"
  },
  {
    "symbol": 8450,
    "name": "霹靂",
    "market": "上櫃",
    "industry": "文化創意業"
  },
  {
    "symbol": 8455,
    "name": "大拓-KY",
    "market": "上櫃",
    "industry": "其他電子業"
  },
  {
    "symbol": 8462,
    "name": "柏文",
    "market": "上櫃",
    "industry": "觀光事業"
  },
  {
    "symbol": 8472,
    "name": "夠麻吉",
    "market": "上櫃",
    "industry": "電子商務"
  },
  {
    "symbol": 8476,
    "name": "台境",
    "market": "上櫃",
    "industry": "其他業"
  },
  {
    "symbol": 8477,
    "name": "創業家",
    "market": "上櫃",
    "industry": "電子商務"
  },
  {
    "symbol": 8489,
    "name": "三貝德",
    "market": "上櫃",
    "industry": "文化創意業"
  },
  {
    "symbol": 8905,
    "name": "裕國",
    "market": "上櫃",
    "industry": "其他業"
  },
  {
    "symbol": 8906,
    "name": "花王",
    "market": "上櫃",
    "industry": "其他業"
  },
  {
    "symbol": 8908,
    "name": "欣雄",
    "market": "上櫃",
    "industry": "油電燃氣業"
  },
  {
    "symbol": 8913,
    "name": "全銓",
    "market": "上櫃",
    "industry": "其他業"
  },
  {
    "symbol": 8916,
    "name": "光隆",
    "market": "上櫃",
    "industry": "其他業"
  },
  {
    "symbol": 8917,
    "name": "欣泰",
    "market": "上櫃",
    "industry": "油電燃氣業"
  },
  {
    "symbol": 8921,
    "name": "沈氏",
    "market": "上櫃",
    "industry": "其他業"
  },
  {
    "symbol": 8923,
    "name": "時報",
    "market": "上櫃",
    "industry": "文化創意業"
  },
  {
    "symbol": 8924,
    "name": "大田",
    "market": "上櫃",
    "industry": "其他業"
  },
  {
    "symbol": 8927,
    "name": "北基",
    "market": "上櫃",
    "industry": "油電燃氣業"
  },
  {
    "symbol": 8928,
    "name": "鉅明",
    "market": "上櫃",
    "industry": "其他業"
  },
  {
    "symbol": 8929,
    "name": "富堡",
    "market": "上櫃",
    "industry": "其他業"
  },
  {
    "symbol": 8930,
    "name": "青鋼",
    "market": "上櫃",
    "industry": "鋼鐵工業"
  },
  {
    "symbol": 8931,
    "name": "大汽電",
    "market": "上櫃",
    "industry": "油電燃氣業"
  },
  {
    "symbol": 8932,
    "name": "宏大",
    "market": "上櫃",
    "industry": "其他業"
  },
  {
    "symbol": 8933,
    "name": "愛地雅",
    "market": "上櫃",
    "industry": "其他業"
  },
  {
    "symbol": 8934,
    "name": "衡平",
    "market": "上櫃",
    "industry": "其他業"
  },
  {
    "symbol": 8935,
    "name": "邦泰",
    "market": "上櫃",
    "industry": "其他業"
  },
  {
    "symbol": 8936,
    "name": "國統",
    "market": "上櫃",
    "industry": "其他業"
  },
  {
    "symbol": 8937,
    "name": "合騏",
    "market": "上櫃",
    "industry": "其他業"
  },
  {
    "symbol": 8938,
    "name": "明安",
    "market": "上櫃",
    "industry": "其他業"
  },
  {
    "symbol": 8941,
    "name": "關中",
    "market": "上櫃",
    "industry": "貿易百貨業"
  },
  {
    "symbol": 8942,
    "name": "森鉅",
    "market": "上櫃",
    "industry": "其他業"
  },
  {
    "symbol": 9949,
    "name": "琉園",
    "market": "上櫃",
    "industry": "文化創意業"
  },
  {
    "symbol": 9950,
    "name": "萬國通",
    "market": "上櫃",
    "industry": "塑膠工業"
  },
  {
    "symbol": 9951,
    "name": "皇田",
    "market": "上櫃",
    "industry": "電機機械"
  },
  {
    "symbol": 9960,
    "name": "邁達康",
    "market": "上櫃",
    "industry": "貿易百貨業"
  },
  {
    "symbol": 9962,
    "name": "有益",
    "market": "上櫃",
    "industry": "鋼鐵工業"
  }
]